Time (s),ESC signal (µs),Servo 1 (µs),Servo 2 (µs),Servo 3 (µs),AccX (g),AccY (g),AccZ (g),Torque (N·m),Thrust (gf),Voltage (V),Current (A),Motor Electrical Speed (RPM),Motor Optical Speed (RPM),Electrical Power (W),Mechanical Power (W),Motor Efficiency (%),Propeller Mech. Efficiency (gf/W),Overall Efficiency (gf/W),Vibration (g),App message,
0.3672964999996591,1000,,,,-0.000390625,0.01640625,-0.96474609375,-0.0007175928199873222,-1.009211166574228,16.01256040379836,2.0245202604706267,0,0,32.417755709915404,0,0,0,0,0.05859375,,
0.3628509999997914,1000,,,,0,0.015625,-0.96455078125,-0.0006491532064776295,-1.4475098538634203,16.012822235190576,2.022581749063675,0,0,32.38724404460244,0,0,0,0,0.05859375,,
0.9942509999995119,1000,,,,0,0.01552734375,-0.96494140625,-0.0007438899557923649,-1.8452261132326573,16.01231354085294,2.0226874021067847,0,0,32.3879046138758,0,0,0,0,0.05859375,,
1.7989009999996053,1000,,,,0,0.016015625,-0.96455078125,-0.0008413715804245148,-1.7034174459309541,16.01253376340557,2.0269177835438894,0,0,32.45608856935924,0,0,0,0,0.05859375,,
2.8983522499998564,1000,,,,0,0.01630859375,-0.9646484375,-0.0008903117429844417,-1.6776875173680181,16.01288014817074,2.025242127474315,0,0,32.42995838670613,0,0,0,0,0.05859375,,
3.539002249999578,1000,,,,0,0.01591796875,-0.96484375,-0.0009266395642478319,-1.7675991654943588,16.012608015905247,2.02692911463041,0,0,32.45642180542974,0,0,0,0,0.05859375,,
4.58065149999964,1000,,,,0,0.0162109375,-0.96416015625,-0.0008025903756827409,-1.176332003929888,16.01312923370142,2.022735284746529,0,0,32.390322217658536,0,0,0,0,0.05859375,,
5.416851749999589,1000,,,,0,0.01611328125,-0.96474609375,-0.0007015503570594948,-0.6328797177029997,16.012418358313568,2.025097268761275,0,0,32.426704631151196,0,0,0,0,0.05859375,,
6.167051499999733,1000,,,,0,0.0158203125,-0.96455078125,-0.0009142035586471118,-0.5769878864748522,16.012481811839933,2.024410833232067,0,0,32.41584156662241,0,0,0,0,0.05859375,,
7.247302499999572,1000,,,,0,0.0158203125,-0.96435546875,-0.000851852810873141,-1.3332765862098028,16.011869123047457,2.024144853893623,0,0,32.410341720067514,0,0,0,0,0.05859375,,
7.928901999999722,1004.6000166666636,,,,0,0.01572265625,-0.964453125,-0.0008076514634572804,-1.3266340494637001,16.012869720712075,2.0237327932921554,0,0,32.405769750606346,0,0,0,0,0.05859375,,
9.338901499999547,1048.836674999997,,,,-0.005859375,0.023828125,-0.9701171875,-0.00047083515420108047,-0.3832640571274393,16.01182708706252,2.0633977841981705,0,0,33.038769769581826,0,0,0,0,0.065625,,
10.118001999999581,1075.7916833333275,,,,-0.01025390625,0.0310546875,-0.97587890625,-0.0000306269295389004,2.6762403514182584,16.01049446293125,2.106880185227922,0,0,33.732183672274424,0,0,0,0,0.0810546875,,
10.864350999999653,1100.0350083333306,,,,-0.01171875,0.02958984375,-0.976171875,0.0007265852599969622,7.480331176116556,16.0096433396838,2.170349726539448,0,0,34.74652355237866,0,0,0,0,0.09912109375,,
12.577252249999809,1156.9650249999968,,,,-0.0072265625,0.0392578125,-0.9609375,0.002369362799274177,21.0402309899497,16.00545098920778,2.3899537963658735,0,0,38.252194464118574,0,0,0,0,0.30380859375,,
13.44015124999955,1186.6550249999955,,,,-0.0166015625,0.03271484375,-0.97890625,0.004698634843168828,40.02931203327034,16.0014092904953,2.5841435512138817,0,0,41.34989920352039,0,0,0,0,0.71171875,,
14.516750999999326,1221.4900166666623,,,,-0.00986328125,0.04013671875,-0.969140625,0.0072281179596523385,56.79732166046059,15.997320606606811,2.8419189944372536,0,0,45.4628176703795,0,0,0,0,0.5443359375,,
15.479451499999502,1254.7366833333294,,,,-0.03701171875,0.021484375,-0.99677734375,0.009857370839164837,80.14479309876197,15.989915887133057,3.1991766528799364,0,0,51.15443981288825,0,0,0,0,0.457421875,,
16.34175149999992,1282.655008333329,,,,0.00234375,0.036328125,-0.96259765625,0.011746021130518383,99.92695754340268,15.983859897966525,3.4899033505479244,0,0,55.78183927947688,0,0,0,0,0.42119140625,,
17.454501499999687,1320.479999999997,,,,0.00380859375,0.02548828125,-0.96640625,0.014746770693794839,128.64679213212878,15.974106122323414,4.033467551153702,0,0,64.43075381121002,0,0,0,0,0.4236328125,,
18.20270124999969,1345.4316833333305,,,,-0.02548828125,0.0181640625,-0.9931640625,0.017097664798786074,153.32040845785224,15.966670447963086,4.470916770629508,0,0,71.38535703234952,0,0,0,0,0.5435546875,,
19.402402499999617,1383.5900083333315,,,,-0.01376953125,0.03466796875,-0.99921875,0.01955442510928334,179.77613817835157,15.954290172229502,5.0562022872590555,0,0,80.66578167825193,0,0,0,0,0.812109375,,
20.809950499999662,1432.1916749999948,,,,-0.033984375,-0.02333984375,-1.04423828125,0.02451142184944028,224.74028679844915,15.933695666272438,6.088928864601842,0,0,97.01860381051264,0,0,0,0,0.9875,,
21.648552749999702,1459.2799999999966,,,,-0.01103515625,0.03828125,-0.98564453125,0.027208604134918372,252.88595564154338,15.922482924842129,6.700635991020836,0,0,106.69005911451214,0,0,0,0,1.0146484375,,
22.897851749999496,1501.808358333328,,,,-0.008203125,0.05908203125,-0.96552734375,0.030005516678420874,286.8337584772285,15.902399835041445,7.737962079683177,0,0,123.0508940288124,0,0,0,0,1.26103515625,,
23.747952749999566,1529.2700166666632,,,,0.0373046875,-0.05068359375,-0.9712890625,0.03268675629993365,323.6157577630342,15.887932002669999,8.514014596794805,0,0,135.26906052554324,0,0,0,0,2.02099609375,,
25.05235174999958,1573.7950083333285,,,,-0.18359375,0.1564453125,-1.0697265625,0.03648273288465873,370.81154093014356,15.863907976483347,9.815242464596432,0,0,155.70636365015224,0,0,0,0,2.2951171875,,
25.783201749999495,1598.1933749999955,,,,-0.26025390625,0.31171875,-0.952734375,0.03984405016157743,404.4232033423518,15.848056935941552,10.707950609266605,0,0,169.69923652751595,0,0,0,0,2.31259765625,,
26.962901249999458,1635.5816749999967,,,,-0.54189453125,0.93095703125,-0.684765625,0.043536765824694824,440.4791929876047,15.827186899589611,11.81839762441116,0,0,187.0476559231252,0,0,0,0,2.84443359375,,
27.921001999999767,1669.3816749999958,,,,-0.29775390625,0.811328125,-0.4974609375,0.04782373432003033,485.7689106236393,15.801004391991375,13.194659891143477,0,0,208.4873180986132,0,0,0,0,3.10830078125,,
28.83995199999968,1698.9350083333306,,,,-0.483203125,0.54150390625,-0.7904296875,0.051169359871508835,521.2795382192966,15.780780567380138,14.313395323052706,0,0,225.87300936730367,0,0,0,0,3.22275390625,,
29.94260199999954,1736.728366666665,,,,-0.11484375,0.2115234375,-0.87568359375,0.05557660246098865,564.5131995758283,15.75029232498149,16.062133784306575,0,0,252.98097871466683,0,0,0,0,2.94736328125,,
30.67090099999971,1760.9466833333304,,,,-0.41318359375,0.63310546875,-0.694140625,0.05856161093583588,597.9039761806735,15.729557749151095,17.1810978748971,0,0,270.2491749648206,0,0,0,0,2.8623046875,,
